"1f9a7cf8-f3b0-48c6-99f3-a17ffc529797,https://specseyewear.com/products/akau-sunglass,Maui Jim Akau,$189.99"
"cdf22dd9-39b5-44da-9f22-0967860675eb,https://specseyewear.com/products/hema-sunglass,Maui Jim Hema,$189.99"
"d7a2774f-097b-49b5-a84a-1fb21ad25973,https://specseyewear.com/products/komohana-sunglass,Maui Jim Komohana,$189.99"
"7efc539f-fc60-4df4-bb76-41dbe692ef33,https://specseyewear.com/products/local-kine-sunglass,Maui Jim Local Kine,$249.99"
"3b986b7e-16d8-48b7-9179-1423834fd5fd,https://specseyewear.com/products/nanea-sunglass,Maui Jim Nanea,$299.99"
"6497dcf1-b070-497f-a81b-9991330221ca,https://specseyewear.com/products/shoal-sunglass,Maui Jim Shoal,$349.99"
"1eaeeeae-5a61-4b58-b85d-794db093ea13,https://specseyewear.com/products/ohai,Maui Jim Ohai,$299.99"
"e2ad8d25-ce7d-4952-accb-43cde6bbc60d,https://specseyewear.com/products/lava-tube-sunglass,Maui Jim Lava Tube,$299.99"
"72f1254d-15c7-4fdb-8da0-0815466a3b7d,https://specseyewear.com/products/equator,Maui Jim Equator,$249.99"
"fc268614-9a6f-45db-95f2-19befa14d7bf,https://specseyewear.com/products/keokea-sunglass,Maui Jim Keokea,$229.99"
"a058a9e1-df21-4273-9cef-21349e7d2bdc,https://specseyewear.com/products/cheetah-5-sunglass,Maui Jim CHEETAH 5,$279.00"
"9ee6db03-21ea-46f0-83d2-9a967dbf456a,https://specseyewear.com/products/joy-ride-sunglass,Maui Jim JOY RIDE,$279.00"
"dcd47c54-1032-4a4d-97da-9ca48309a55a,https://specseyewear.com/products/koki-beach,Maui Jim Koki Beach,$229.99"
"358a413d-2761-47e9-bfbe-1bdab4ea98bb,https://specseyewear.com/products/beaches-sunglass,Maui Jim Beaches,$349.99"
"f06a7f98-611b-4c27-ba2f-4b900d93460b,https://specseyewear.com/products/aki-aki,Maui Jim Aki Aki,$299.99"
"735ea6b7-6245-437d-a0cd-c16355d35138,https://specseyewear.com/products/mavericks-sun,Maui Jim Mavericks,$299.99"
"0776a4e1-57c9-4dd5-a220-4781b46e3cd1,https://specseyewear.com/products/haleiwa-sunglass,Maui Jim Haleiwa,$329.99"
"c39922e5-2c3e-43ef-bb9a-d9d9c83a98cf,https://specseyewear.com/products/crater-rim-sunglass,Maui Jim Crater Rim,$299.99"
"9de1e747-9909-4ca1-b80d-60af7e48f3f8,https://specseyewear.com/products/glory-glory-sunglass,Maui Jim Glory Glory,$299.99"
"25a66b61-36ec-4234-9cba-ba03ba0bc64d,https://specseyewear.com/products/olili-sunglass,Maui Jim Olili,$329.99"
"5acf70a0-29d0-47d7-92ff-016d0a87f680,https://specseyewear.com/products/hunakai-sunglass,Maui Jim Hunakai,$329.99"
"bec9fa35-1b2d-4434-ad49-ef7d525d5019,https://specseyewear.com/products/banyans-sun,Maui Jim Banyans,$219.99"
"5c2f8de0-30ee-44ff-97ca-f2808f1b62bf,https://specseyewear.com/products/hookipa-sun,Maui Jim Ho'okipa,$199.99"
"54e3981b-d8e3-4116-87e7-10333676e674,https://specseyewear.com/products/lighthouse-sun,Maui Jim Lighthouse,$169.99"
"6e0191d8-2958-4069-b149-44171e6d5bbb,https://specseyewear.com/products/onshore-sun,Maui Jim Onshore,$249.99"
"128236ca-c5d9-467f-96a6-d8315729b92f,https://specseyewear.com/products/wassup-sunglass,Maui Jim Wassup,$259.99"
"8b1d2bd6-ee28-47d3-9279-c3b609292d0e,https://specseyewear.com/products/monstera-leaf-sunglass,Maui Jim Monstera Leaf,$449.99"
"e81f8ae5-9e02-4894-8301-0ace6702f9a0,https://specseyewear.com/products/plumeria-sunglass,Maui Jim Plumeria,$279.99"
"d4ddbb40-d2dc-4a00-9858-54316f3b85fc,https://specseyewear.com/products/punchbowl,Maui Jim Punchbowl,$249.99"
"7d34571c-429a-4fab-b995-2bb9f66defb3,https://specseyewear.com/products/cinder-cone-sunglass,Maui Jim Cinder Cone,$299.99"
"2201beb1-e4d8-4c48-86c7-a93cd15291dd,https://specseyewear.com/products/puhi-sunglass,Maui Jim Puhi,$249.99"
"7acc37c2-8754-4209-a958-2a772327e79a,https://specseyewear.com/products/olu-olu-sunglass,Maui Jim Olu'Olu,$249.99"
"2c769e45-2673-4d87-bcd6-bf4ac792368b,https://specseyewear.com/products/cove-park-sunglass,Maui Jim Cove Park,$399.99"
"9c12039e-f5c0-4531-b3ae-6e611c18e28e,https://specseyewear.com/products/shore-break-sunglass,Maui Jim Shore Break,$249.99"
"1c3fc246-d4cc-4184-bf2b-26d5e1708578,https://specseyewear.com/products/the-bird-sunglass,Maui Jim The Bird,$349.99"
"d1cfc092-564f-49b9-8089-7bffb82812df,https://specseyewear.com/products/ocean-sunglass,Maui Jim Ocean,$249.99"
"890568c8-126c-412f-9298-6f08ce8cf916,https://specseyewear.com/products/siren-song-manutd-sunglass,Maui Jim Siren Song (MANUTD),$369.99"
"92facae4-2ff1-4d4f-b636-9b51babc3976,https://specseyewear.com/products/kini-kini,Maui Jim Kini Kini,$329.99"
"219c8f69-6cd5-49b3-9e78-73239e84fcf0,https://specseyewear.com/products/hookipa-readers-sunglass,Maui Jim Ho'okipa Readers,$239.99"
"9aa6e3a6-c3ae-45b8-9f11-8e888678514a,https://specseyewear.com/products/makaha-reader-sunglass,Maui Jim Makaha Readers,$239.99"
"3b6b9816-d6f1-4268-80d5-e35cbead3d7d,https://specseyewear.com/products/makoa-sun,Maui Jim Makoa,$249.99"
"4bf4ac0a-c11e-4c43-a4fd-8d9aa97cadd5,https://specseyewear.com/products/honi-sun,Maui Jim Honi,$249.99"
"8979c3f6-5de3-4fb1-8525-54c5d24e6d34,https://specseyewear.com/products/southern-cross,Maui Jim Southern Cross,$249.99"
"0f585e17-da4b-4923-b9a4-3448369e86e4,https://specseyewear.com/products/starfish-sun,Maui Jim Starfish,$249.99"
"97ad0baf-c52a-4e37-9015-16f5840d36b5,https://specseyewear.com/products/nalani-sunglass,Maui Jim Nalani,$279.99"
"030801bf-ac21-49f0-9b65-d1492b91bc9d,https://specseyewear.com/products/waterman-sunglass,Maui Jim Waterman,$249.99"
"35c4747b-7882-44fd-96cb-62b4b9bc3e4e,https://specseyewear.com/products/even-keel-sunglass,Maui Jim Even Keel,$329.99"
"729bb50c-70e6-4ec3-b1af-348906c5f2c4,https://specseyewear.com/products/orchid-sunglass,Maui Jim Orchid,$249.99"
"f27bbc8b-0aaf-4b07-a4c4-546319d54981,https://specseyewear.com/products/south-swell-sunglass,Maui Jim South Swell,$259.99"
"deae5c40-fa6f-457b-bda0-9306a6109da6,https://specseyewear.com/products/sugar-cane-sunglass,Maui Jim Sugar Cane,$249.99"
"b5bda108-7109-4c36-a643-49a24902715a,https://specseyewear.com/products/kalani-sunglass,Maui Jim Kalani,$329.99"
"55e8e006-7307-40af-8fe6-9a85d29d43cc,https://specseyewear.com/products/kila-sunglass,Maui Jim Kila,$329.99"
"da3f0e81-c04f-4ce9-b5ac-bdb1eba28c9f,https://specseyewear.com/products/capri-sunglass,Maui Jim Capri,$329.99"
"d495e0db-3864-4c98-b1d5-9cb267f4ac23,https://specseyewear.com/products/isola-sunglass,Maui Jim Isola,$329.99"
"b1cd3978-ed85-4d2b-8bbd-0b01c33d2374,https://specseyewear.com/products/puakenikeni-sunglass,Maui Jim Puakenikeni,$349.99"
"ee1eab25-ade0-40c7-8aeb-5ae20edcf069,https://specseyewear.com/products/lotus-sunglass,Maui Jim Lotus,$249.99"
"f98042dc-7c5c-4ec0-bb03-058b5b20ecdc,https://specseyewear.com/products/mariana-sunglass,Maui Jim Mariana,$329.99"
"8576478f-5c62-4dad-ba55-21765cddb2c1,https://specseyewear.com/products/little-bell-sunglass,Maui Jim Little Bell,$329.99"
"ce92dc94-c598-4ed7-98d0-1b93dcd5a998,https://specseyewear.com/products/relaxation-mode,Maui Jim Relaxation Mode,$349.99"
"8e77a335-ba9c-4aea-a40b-3428509b947a,https://specseyewear.com/products/kawika-sun,Maui Jim Kawika,$299.99"
"5aa3c1dc-8813-4157-ab8a-26ec727deb5c,https://specseyewear.com/products/mongoose-sunglass,Maui Jim Mongoose,$249.99"
"060fb226-3032-41a4-940a-f8f8d0975239,https://specseyewear.com/products/alenuihaha,Maui Jim Alenuihaha,$249.99"
"4abb5d24-6bf9-4cc1-bc77-663bcdaeedc0,https://specseyewear.com/products/haleakala-sunglass,Maui Jim Haleakala,$229.99"
"b6b43fed-5bd0-4f18-a16a-262da10594b3,https://specseyewear.com/products/peahi-sun,Maui Jim Peahi,$249.99"
"91e88e7b-1138-4935-99a6-00fc8ff1946c,https://specseyewear.com/products/kipahulu-sunglass,Maui Jim Kipahulu,$249.99"
"cb0308a0-0f75-41ed-b661-c5898b6ede5f,https://specseyewear.com/products/puka-sunglass,Maui Jim Puka,$399.99"
"cbdeb02e-6579-4fd6-a3f4-6f2ae9598520,https://specseyewear.com/products/wailua,Maui Jim Wailua,$229.99"
"cceeccbb-a333-473b-82d6-a4f9e3f34809,https://specseyewear.com/products/anuenue-sunglass,Maui Jim Anuenue,$229.99"
"6861d9df-b0d1-49e4-a18f-04e7e7bcfd09,https://specseyewear.com/products/spartan-reef-sunglass,Maui Jim Spartan Reef,$249.99"
"fbeb28a9-2abd-444b-bade-4d8d66a11561,https://specseyewear.com/products/hana-bay-sunglass,Maui Jim Hana Bay,$229.99"
"4d6b1507-0c0a-447a-9032-e39b46f63461,https://specseyewear.com/products/breakwall-sun,Maui Jim Breakwall,$169.99"
"1bed5258-9a28-4f7d-ae53-92d67e94a86c,https://specseyewear.com/products/cliff-house,Maui Jim Cliff House,$299.99"
"d7f4131c-cb95-49bf-aa03-b348a8ad7520,https://specseyewear.com/products/dragons-teeth,Maui Jim Dragon's Teeth,$249.99"
"ba917c8b-04b7-40a4-8a0f-6af7f168c543,https://specseyewear.com/products/red-sands,Maui Jim Red Sands,$229.99"
"ffa8cfdc-de64-4f2f-816a-ad26a0525462,https://specseyewear.com/products/wiki-wiki,Maui Jim Wiki Wiki,$299.99"
"efc053e5-098b-4b9f-a8dd-ce36560aa6b7,https://specseyewear.com/products/kahuna-sunglass,Maui Jim Kahuna,$299.99"
"4624e83e-1ee7-4e33-b96b-d59baf3247a5,https://specseyewear.com/products/kanaha-sunglass,Maui Jim Kanaha,$199.99"
"5f3a209d-afb3-4d53-82c1-4a47763dd479,https://specseyewear.com/products/black-coral-sunglass,Maui Jim Black Coral,$299.99"
"14f0c30b-ed0f-4149-9bad-66a7a8435896,https://specseyewear.com/products/world-cup-sunglass,Maui Jim World Cup,$249.99"
"2e40446b-cb0a-4473-b982-bd98f4fe3ddc,https://specseyewear.com/products/guardrails-sunglass,Maui Jim Guardrails,$329.99"
"84b4ddb6-9ec2-42eb-9502-afafcf348ed7,https://specseyewear.com/products/twin-falls-sunglass,Maui Jim Twin Falls,$229.99"
"74a6fd97-b1c1-4ae7-a5fb-1d93d8947189,https://specseyewear.com/products/keanae-sunglass,Maui Jim Keanae,$229.99"
"a2d211df-a084-4e5f-9adb-d5c38ba2b82e,https://specseyewear.com/products/cloud-break-sunglass,Maui Jim Cloud Break,$249.99"
"25aff740-d947-4b27-9666-e586e01a8c93,https://specseyewear.com/products/stillwater-sunglass,Maui Jim Stillwater,$329.99"
"797401e2-b38b-46ad-b385-98f8d6b7d9ad,https://specseyewear.com/products/mixed-plate-sunglass,Maui Jim Mixed Plate,$249.99"
"47668790-da6f-48d0-a992-723b0cbc5341,https://specseyewear.com/products/koko-head,Maui Jim Koko Head,$249.99"
"5b60c110-ae5e-483d-b998-08ad16668aa0,https://specseyewear.com/products/pineapple-sunglass,Maui Jim Pineapple,$249.99"
"b1c19dc9-bdee-461a-8035-3e197956f77d,https://specseyewear.com/products/stingray,Maui Jim Stingray,$249.99"
"b59ac774-e764-4175-905d-b178d373c2e1,https://specseyewear.com/products/switchbacks,Maui Jim Switchbacks,$329.99"
"220141b0-befd-4c8c-bc77-b56b6f9dae91,https://specseyewear.com/products/tail-slide-sunglass,Maui Jim Tail Slide,$249.99"
"50660079-5892-4f1a-930a-54dceeb434a2,https://specseyewear.com/products/hikina-sunglass,Maui Jim Hikina,$189.99"
"bb0707ad-825d-482d-afec-3e6e92e7e0ab,https://specseyewear.com/products/matchday-manutd-sunglass,Maui Jim Matchday (MANUTD),$369.99"
"30f7cb06-eebf-4a5e-8c6a-ad515f31028d,https://specseyewear.com/products/taro-sunglass,Maui Jim Taro,$279.99"
"5180aa4f-2cae-4c14-86e0-1d756eba420a,https://specseyewear.com/products/triton-sunglass,Maui Jim Triton,$329.99"
"e7ac94bb-f17c-496b-ba66-ef8031077a23,https://specseyewear.com/products/byron-bay,Maui Jim Byron Bay,$249.99"
"000f945f-c80f-45db-8d08-94ad79587845,https://specseyewear.com/products/castles-sun,Maui Jim Castles,$299.99"
"f38bf6ba-e024-4163-a9e6-a3fb7b483b92,https://specseyewear.com/products/kanaio-coast,Maui Jim Kanaio Coast,$249.99"
"847d39e6-87dc-45e4-bca7-29c874ab228f,https://specseyewear.com/products/pokowai-arch,Maui Jim Pokowai Arch,$229.99"
"f24cf200-7ce4-4626-a19b-7ef2026453fb,https://specseyewear.com/products/sandy-beach,Maui Jim Sandy Beach,$199.99"
"dfb0c220-41ae-4304-864d-60fafc3e2437,https://specseyewear.com/products/makaha-sunglass,Maui Jim Makaha,$199.99"
"e437f278-7312-4e09-8544-f6b1a52712c0,https://specseyewear.com/products/sugar-beach-sunglass,Maui Jim Sugar Beach,$169.99"
"0e944206-6d7d-438a-9ed6-720a28b44c25,https://specseyewear.com/products/hot-sands-sunglass,Maui Jim Hot Sands,$199.99"
"818166e2-a872-44fe-b4e4-76a224ac2a09,https://specseyewear.com/products/kaupo-gap-sunglass,Maui Jim Kaupo Gap,$229.99"
"cfc007d5-a27d-46d7-ac45-600b4a8a33a7,https://specseyewear.com/products/alelele-bridge-sunglass,Maui Jim Alelele Bridge,$229.99"
"efe244e1-6223-4fc2-ae19-3d255b22f0e7,https://specseyewear.com/products/sunny-days-sunglass,Maui Jim Sunny Days,$329.99"
"52679cd7-0411-4b2e-8f2f-0522b9f11266,https://specseyewear.com/products/swaying-palms-sunglass,Maui Jim Swaying Palms,$449.99"
"32c8747a-3534-4e06-af4f-1d84212f5b68,https://specseyewear.com/products/fair-winds-sunglass,Maui Jim Fair Winds,$429.99"
"58178f48-2233-44bb-8e49-59e0401ea1a5,https://specseyewear.com/products/following-seas-sunglass,Maui Jim Following Seas,$429.99"
"247f03cc-8aee-4dc9-a63a-f31367d0e504,https://specseyewear.com/products/bowline-sunglass,Maui Jim Bowline,$429.99"
"a7b60268-3c47-4e7d-b56e-dd0bfbee4daa,https://specseyewear.com/products/jasmine-sunglass,Maui Jim Jasmine,$329.99"
"46ce771e-2eff-49dd-bffa-3ef3ebe2d593,https://specseyewear.com/products/tumbleland-sunglass,Maui Jim Tumbleland,$319.99"
"1c76fe8a-7e02-425a-956e-62fa27f9ad79,https://specseyewear.com/products/kami-sunglass,Maui Jim Kami,$329.99"
"48b7a26f-6ceb-431a-b2c0-a8f51f1fee9d,https://specseyewear.com/products/ah-dang-sunglass,Maui Jim Ah Dang!,$249.99"
"be36891b-cb21-4501-bc36-98626c9b31f9,https://specseyewear.com/products/cathedrals-sunglass,Maui Jim Cathedrals,$249.99"
"aa9df4a5-814d-4d52-bb7e-8bfe73d1a023,https://specseyewear.com/products/barrier-reef-sunglass,Maui Jim Barrier Reef,$249.99"
"c858b45d-d379-4783-9e79-37561c68bc17,https://specseyewear.com/products/velzyland-sunglass,Maui Jim Velzyland,$349.99"
"d4d546ea-869a-4543-af77-604759b8e9bf,https://specseyewear.com/products/westside-sunglass,Maui Jim Westside,$349.99"
"31f60294-8872-4eec-8797-d6819d2f27bd,https://specseyewear.com/products/adrift-sunglass,Maui Jim Adrift,$479.99"
"e5f4ab2e-35c2-4d41-b51c-4750f4d39412,https://specseyewear.com/products/kiawe-sunglass,Maui Jim Kiawe,$249.99"
"2a9e355e-616e-4ba0-8385-b9b5ef04e53e,https://specseyewear.com/products/waipio-valley-sunglass,Maui Jim Waipio Valley,$349.99"
"6a9572d1-18b9-41b6-9847-5dc570a74c11,https://specseyewear.com/products/waterfront-sunglass,Maui Jim Waterfront,$299.99"
"be06d658-b6d0-4e3d-896c-9c36f831070e,https://specseyewear.com/products/seacliff-sunglass,Maui Jim Seacliff,$329.99"
"0b68ba6a-8a9c-4eda-a084-79d07868fa05,https://specseyewear.com/products/treble-manutd-limited-edition-sunglass,Maui Jim Treble (MANUTD LIMITED EDITION),$399.99"
"c2c82f46-20ed-4295-ae87-80bba6803d81,https://specseyewear.com/products/hukilau-sunglass,Maui Jim Hukilau,$299.99"
"28c9d86c-ebc2-48a8-a996-039d5d032d12,https://specseyewear.com/products/wana-sunglass,Maui Jim Wana,$329.99"
"4788789b-0344-4071-91e1-b21523b274a0,https://specseyewear.com/products/cruzem-sunglass,Maui Jim Cruzem,$249.99"
"d84a83c1-3aba-4d41-b0bd-da28a6e0a06b,https://specseyewear.com/products/ekolu-sunglass,Maui Jim Ekolu,$329.99"
"034df18e-8c6f-409a-a469-1a6d584abe14,https://specseyewear.com/products/kaala,Maui Jim Ka'ala,$329.99"
"240e5b18-ec5b-4e08-b645-42e2b270f08d,https://specseyewear.com/products/perico,Maui Jim Perico,$399.99"
"e478ef53-7fa3-4532-86e7-9c4c9c52df37,https://specseyewear.com/products/kaiwi-channel,Maui Jim Kaiwi Channel,$249.99"
"c4f2e824-ef9b-494d-bad1-56a2dcc109ba,https://specseyewear.com/products/noni-sunglass,Maui Jim NONI,$379.00"
"bceed522-dd2f-4dad-b73b-e7d7088516ba,https://specseyewear.com/products/star-gazing-sunglass,Maui Jim Star Gazing,$249.99"
"f53f85f0-1fa2-4009-ae09-d1d791d4b622,https://specseyewear.com/products/mariposa-sunglass,Maui Jim Mariposa,$399.99"
"5fcc6dd3-8393-434a-a52d-e6635806ce0e,https://specseyewear.com/products/big-wave-sunglass,Maui Jim Big Wave,$229.99"
"6d426585-2f86-491c-8671-2c8f931d55a1,https://specseyewear.com/products/huelo-sunglass,HUELO,$229.00"
"cd08932d-5c5a-4079-aca4-0427248f5aee,https://specseyewear.com/products/utk-test,Test,$0.00"
"8faedfc7-5524-4b86-a580-fc98d6c98606,https://shadesofcharleston.com/products/honi?_pos=2&_sid=3c27b64f4&_ss=r&variant=26875733770304,Honi,$249.99"
"71398609-07ce-451c-a57a-c412116df00c,https://shadesofcharleston.com/products/haleiwa?_pos=6&_sid=3c27b64f4&_ss=r&variant=26272021938240,Haleiwa,$329.99"
"fa20e12f-f219-4999-8664-5786df9af9d8,https://shadesofcharleston.com/products/banyans?_pos=7&_sid=3c27b64f4&_ss=r&variant=26408926249024,Banyans,$219.99"
"cb6479e4-237e-403e-a9c0-f3c0d1c81d18,https://shadesofcharleston.com/products/wassup?_pos=8&_sid=3c27b64f4&_ss=r&variant=25645279641664,Wassup,$259.99"
"799b9cd5-0d1a-48a8-8c63-427b42a6a662,https://shadesofcharleston.com/products/mongoose?_pos=11&_sid=3c27b64f4&_ss=r&variant=28501537914944,Mongoose,$249.99"
"1098bc4e-6c42-4d57-8361-98d7e43580d1,https://shadesofcharleston.com/products/ah-dang?_pos=12&_sid=3c27b64f4&_ss=r&variant=27254834856000,Ah Dang!,$249.99"
"8ba26827-0650-439d-a2d4-c348429d2757,https://shadesofcharleston.com/products/plumeria?_pos=15&_sid=3c27b64f4&_ss=r&variant=26927771254848,Plumeria,$279.99"
"58e2e119-a5e0-4609-a972-523d960fc957,https://shadesofcharleston.com/products/nautilus?_pos=18&_sid=3c27b64f4&_ss=r&variant=26700815368256,Nautilus,$329.99"
"a1723bc3-6682-4435-95bc-10b87ac7a617,https://shadesofcharleston.com/products/shoal?_pos=19&_sid=3c27b64f4&_ss=r&variant=27204966711360,Shoal,$349.99"
"0d8d9403-3626-431b-98e4-ebeebfbc4120,https://shadesofcharleston.com/products/olu-olu?_pos=20&_sid=3c27b64f4&_ss=r&variant=26582469738560,'Olu 'Olu,$249.99"
"8d4829fa-bc6d-48aa-8cfc-d4352cf7ff23,https://shadesofcharleston.com/products/starfish?_pos=22&_sid=3c27b64f4&_ss=r&variant=26874126499904,Starfish,From $249.99"
"e0aa0cab-fbd8-4a4f-aa2a-4f71e6960e14,https://shadesofcharleston.com/products/olili?_pos=23&_sid=3c27b64f4&_ss=r&variant=40576316309696,Olili,$329.99"
"cd4dcab9-7603-4c56-b0dd-3c4d62c88b72,https://shadesofcharleston.com/products/hunakai?_pos=24&_sid=3c27b64f4&_ss=r&variant=40576262799552,Hunakai,$329.99"
"b12a8960-6112-4e69-bf34-ffd9689ca75b,https://shadesofcharleston.com/products/akau?_pos=25&_sid=3c27b64f4&_ss=r&variant=32049505828966,'Akau,$189.99"
"06005cb8-8718-4f89-9e86-f7d701060226,https://shadesofcharleston.com/products/hikina?_pos=26&_sid=3c27b64f4&_ss=r&variant=32049444946022,Hikina,$189.99"
"87a10003-1fe1-4147-810e-7f77f3179845,https://shadesofcharleston.com/products/ohai?_pos=28&_sid=3c27b64f4&_ss=r&variant=39295731204288,Ohai,$299.99"
"f48545a6-61f5-44ac-8ab9-fc9d0481491f,https://shadesofcharleston.com/products/aki-aki?_pos=29&_sid=3c27b64f4&_ss=r&variant=39295501172928,Aki Aki,$299.99"
"4fd5e0a3-7762-4000-bbe4-fa22fdb9389e,https://shadesofcharleston.com/products/lotus?_pos=31&_sid=3c27b64f4&_ss=r&variant=37685676441792,Lotus,$249.99"
"e4e3ca2d-b0ed-468f-a3c0-02f201f70e8d,https://shadesofcharleston.com/products/komohana?_pos=32&_sid=3c27b64f4&_ss=r&variant=32049468670054,Komohana,$189.99"
"8b0e63e3-b1fb-4fff-9189-2e246b311bbb,https://shadesofcharleston.com/products/hema?_pos=33&_sid=3c27b64f4&_ss=r&variant=32049422041190,Hema,$189.99"
"f8642cfa-c810-44c3-accc-82ea7259e3b9,https://shadesofcharleston.com/products/capri?_pos=34&_sid=3c27b64f4&_ss=r&variant=32049395957862,Capri,$329.99"
"25deea09-1e54-4781-9a24-e58b1e7dc65e,https://shadesofcharleston.com/products/pisces?_pos=35&_sid=3c27b64f4&_ss=r&variant=32049324064870,Pisces,$329.99"
"3d81bf50-1ce3-4582-b0fd-87328d847fcd,https://shadesofcharleston.com/products/isola?_pos=36&_sid=3c27b64f4&_ss=r&variant=31496628273254,Isola,$329.99"
"56c1b244-8a3f-44c4-972b-aa1252ff87a8,https://shadesofcharleston.com/products/naupaka?_pos=40&_sid=3c27b64f4&_ss=r&variant=26932690518080,Naupaka,$299.99"
"9fb27ba5-3e91-4268-b12b-e7b78c7a500a,https://shadesofcharleston.com/products/nalani?_pos=42&_sid=3c27b64f4&_ss=r&variant=26271164923968,Nalani,$279.99"
"dc865417-2b5a-4585-83a5-697c753b4a54,https://shadesofcharleston.com/products/orchid?_pos=43&_sid=3c27b64f4&_ss=r&variant=26795158536256,Orchid,$249.99"
"ddcec233-a97d-442d-91a2-ad0c099db517,https://shadesofcharleston.com/products/ocean?_pos=44&_sid=3c27b64f4&_ss=r&variant=26793005416512,Ocean,$249.99"
"e5ff69aa-fd31-4031-86f4-429c076c8ae1,https://shadesofcharleston.com/products/south-swell?_pos=46&_sid=3c27b64f4&_ss=r,South Swell,$259.99"
"602edbcb-46d8-4e79-b8fc-3309463fcf1a,https://shadesofcharleston.com/products/onshore?_pos=50&_sid=3c27b64f4&_ss=r&variant=31907756081254,Onshore,$249.99"
"febc651c-fa6f-418a-a948-181c9cc8afc0,https://shadesofcharleston.com/products/beaches?_pos=51&_sid=3c27b64f4&_ss=r&variant=26700349997120,Beaches,$349.99"
"99057abf-d3f8-4cff-a4f9-a0ea1c98bc2f,https://shadesofcharleston.com/products/makoa?_pos=52&_sid=3c27b64f4&_ss=r&variant=29472859226214,Makoa,$249.99"
"29a84196-ec47-4d5d-a9e3-c24a50936a71,https://shadesofcharleston.com/products/keokea?_pos=54&_sid=3c27b64f4&_ss=r&variant=42061731332343,Keokea,$229.99"
"7a03dbe3-dab0-4c6c-841f-897115d818b3,https://shadesofcharleston.com/products/taro?_pos=58&_sid=3c27b64f4&_ss=r&variant=32047590735974,Taro,$279.99"
"a902eb85-42dd-40a7-991a-bc6d49a4c8fd,https://shadesofcharleston.com/products/mariana?_pos=60&_sid=3c27b64f4&_ss=r&variant=31496575615078,Mariana,$329.99"
"528a2477-0aef-4e71-9f36-e89761cf982a,https://shadesofcharleston.com/products/kalani?_pos=62&_sid=3c27b64f4&_ss=r&variant=31496470200422,Kalani,$329.99"
"545a999b-b6ae-450c-82ff-12f9c76c7f99,https://shadesofcharleston.com/products/joy-ride?_pos=63&_sid=3c27b64f4&_ss=r&variant=40289506590912,Joy Ride,$279.99"
"c37202c8-b26d-4389-af46-41b2eefdd792,https://shadesofcharleston.com/products/jasmine?_pos=65&_sid=3c27b64f4&_ss=r&variant=26796163792960,Jasmine,$329.99"
"5549f6c2-7c5c-40c9-b464-ece16471f784,https://shadesofcharleston.com/products/kila?_pos=67&_sid=3c27b64f4&_ss=r&variant=32049462509670,Kila,$329.99"
"b8dbfed7-157d-43cf-aea0-16f53e8b9e8f,https://shadesofcharleston.com/products/equator?_pos=68&_sid=3c27b64f4&_ss=r&variant=40859310457024,Equator,$249.99"
"cfc28b6c-f4e2-4ece-ae20-4b3c6d3fa48b,https://shadesofcharleston.com/products/koki-beach-reader?_pos=71&_sid=3c27b64f4&_ss=r,Koki Beach Reader,$269.99"
"12ef4287-fd85-419e-a61d-48a912ef98f5,https://shadesofcharleston.com/products/koko-head?_pos=72&_sid=3c27b64f4&_ss=r,Koko Head,$249.99"
"6797939a-0ba8-48b8-8d87-a8bddb22e8ec,https://shadesofcharleston.com/products/wana?_pos=73&_sid=3c27b64f4&_ss=r,Wana,$329.99"
"372d71f0-81be-4b37-8f1c-0b347e697c12,https://shadesofcharleston.com/products/big-wave?_pos=74&_sid=3c27b64f4&_ss=r,Big Wave,$229.99"
"7ff2a6b0-eb05-49ed-8d64-00814fddb96d,https://shadesofcharleston.com/products/maui-jim-kanaio-coast?_pos=75&_sid=3c27b64f4&_ss=r,Kanaio Coast,$249.99"
"fea26f0c-0f22-44dd-9a54-9f7419745b83,https://shadesofcharleston.com/products/kahi?_pos=76&_sid=3c27b64f4&_ss=r,Kahi,$249.99"
"132ed995-6f1f-4776-af4f-09a6d83b2794,https://shadesofcharleston.com/products/kawika?_pos=77&_sid=3c27b64f4&_ss=r,Kawika,$299.99"
"8dad673a-3283-46c5-8657-90b22646c869,https://shadesofcharleston.com/products/kanaio-coast-reader?_pos=78&_sid=3c27b64f4&_ss=r,Kanaio Coast Reader,$289.99"
"09257eb4-463c-4ab2-9ee4-9d411f230c56,https://shadesofcharleston.com/products/red-sands?_pos=79&_sid=3c27b64f4&_ss=r,Red Sands,$229.99"
"86c3da24-009b-4674-b1a1-f971bd4b5101,https://shadesofcharleston.com/products/world-cup?_pos=80&_sid=3c27b64f4&_ss=r,World Cup,$249.99"
"9da7caf5-3831-4ad1-ae12-d1d43eb8ef9d,https://shadesofcharleston.com/products/stingray-reader?_pos=82&_sid=3c27b64f4&_ss=r,Stingray Reader,$289.99"
"f2e109ad-194c-4787-ba53-945bdc12d7c2,https://shadesofcharleston.com/products/boardwalk?_pos=83&_sid=3c27b64f4&_ss=r,Boardwalk,$249.99"
"985ad532-5e58-455e-83c4-b281b035083a,https://shadesofcharleston.com/products/wiki-wiki?_pos=84&_sid=3c27b64f4&_ss=r,Wiki Wiki,$299.99"
"544cfc6e-d1fa-420d-bd89-22d771d57fb7,https://shadesofcharleston.com/products/pineapple?_pos=85&_sid=3c27b64f4&_ss=r,Pineapple,$249.99"
"72b133b1-38f7-4fa0-845d-11dda0cfe0c1,https://shadesofcharleston.com/products/maui-jim-stingray?_pos=86&_sid=3c27b64f4&_ss=r,Stingray,$249.99"
"3ad695ff-6efe-4908-8608-0619f0b672af,https://shadesofcharleston.com/products/twin-falls?_pos=87&_sid=3c27b64f4&_ss=r,Twin Falls,$229.99"
"489ab68b-8781-4571-82ef-7585f5a42aa4,https://shadesofcharleston.com/products/hana-bay?_pos=88&_sid=3c27b64f4&_ss=r,Hana Bay,$229.99"
"a470f94d-6324-4439-8be2-104eb9bf07a3,https://shadesofcharleston.com/products/honi-reader?_pos=89&_sid=3c27b64f4&_ss=r,Honi Reader,$289.99"
"8b412b8e-5df3-4210-bcb1-85719bcd23a3,https://shadesofcharleston.com/products/bowline?_pos=90&_sid=3c27b64f4&_ss=r,Bowline,$429.99"
"e71939ee-dcc1-4c3f-9f33-9894115403e8,https://shadesofcharleston.com/products/peahi-reader?_pos=91&_sid=3c27b64f4&_ss=r,Peahi Reader,$289.99"
"bcd63fa7-111e-4497-bba5-ce4f42007f18,https://shadesofcharleston.com/products/maui-jim-peahi?_pos=92&_sid=3c27b64f4&_ss=r,Peahi,From $249.99"
"17863504-03e2-4225-af18-96b2d6b45c30,https://shadesofcharleston.com/products/westside?_pos=93&_sid=3c27b64f4&_ss=r,Westside,$349.99"
"11794ec1-340c-4158-9b29-a01d76792ad4,https://shadesofcharleston.com/products/barrier-reef?_pos=94&_sid=3c27b64f4&_ss=r,Barrier Reef,$249.99"
"772be8f4-ce8b-4ec9-b82f-4816d200bf19,https://shadesofcharleston.com/products/kipahulu?_pos=95&_sid=3c27b64f4&_ss=r,Kipahulu,$249.99"
"e38502e3-3e29-4ead-ab5c-1ce7bd7edf6e,https://shadesofcharleston.com/products/dragons-teeth?_pos=96&_sid=3c27b64f4&_ss=r,Dragons Teeth,$249.99"
"b4401ff0-ef1c-4b0a-95b8-1624201710c8,https://shadesofcharleston.com/products/the-bird?_pos=97&_sid=3c27b64f4&_ss=r,The Bird,$349.99"
"5e9bea0a-6990-44ac-99d7-9434aab419b5,https://shadesofcharleston.com/products/kami?_pos=98&_sid=3c27b64f4&_ss=r,Kami,$329.99"
"b62fbc52-462f-484f-b795-3fd7835fd473,https://shadesofcharleston.com/products/kahana?_pos=99&_sid=3c27b64f4&_ss=r,Kanaha,$199.99"
"bb42092b-65ac-400c-a303-9f13fe6dd108,https://shadesofcharleston.com/products/byron-bay-reader?_pos=100&_sid=3c27b64f4&_ss=r,Byron Bay Reader,$289.99"
"95f379ba-2be1-4b90-9b39-702114fbb408,https://shadesofcharleston.com/products/keanae?_pos=102&_sid=3c27b64f4&_ss=r,Keanae,$229.99"
"a1bf8d8f-baeb-46bb-aa32-930015185424,https://shadesofcharleston.com/products/still-water?_pos=103&_sid=3c27b64f4&_ss=r,Stillwater,$329.99"
"e442417f-bab8-4f85-9297-be77185c73f0,https://shadesofcharleston.com/products/alenuihaha?_pos=104&_sid=3c27b64f4&_ss=r,Alenuihaha,$249.99"
"5e347b0d-fffb-4952-bb83-25978c3184c6,https://shadesofcharleston.com/products/kaiwi-channel?_pos=105&_sid=3c27b64f4&_ss=r,Kaiwi Channel,$249.99"
"adc5366e-302a-4686-8f13-32d49d20c52b,https://shadesofcharleston.com/products/castles?_pos=106&_sid=3c27b64f4&_ss=r,Castles,$299.99"
"f32dfab6-5979-4b51-934a-985183417548,https://shadesofcharleston.com/products/copy-of-guardrails?_pos=107&_sid=3c27b64f4&_ss=r,Guardrails Reader,$369.99"
"e9a19476-2eb2-4f6f-9d31-4491dcd467db,https://shadesofcharleston.com/products/guardrails?_pos=108&_sid=3c27b64f4&_ss=r,Guardrails,$329.99"
"8cd22b5e-a8f0-4df9-bd98-ea58ac4c44f6,https://shadesofcharleston.com/products/kahuna?_pos=109&_sid=3c27b64f4&_ss=r,Kahuna,$299.99"
"cab2567b-b69a-48c0-a0f6-ed1b3f2c7fff,https://shadesofcharleston.com/products/black-coral?_pos=110&_sid=3c27b64f4&_ss=r,Black Coral,$299.99"
"e08fcfa7-04cb-4476-914c-1508757a316e,https://shadesofcharleston.com/products/cliff-house?_pos=111&_sid=3c27b64f4&_ss=r,Cliff House,$299.99"
"c92b655f-2e49-419f-b347-7b8d2d62560f,https://shadesofcharleston.com/products/puhi?_pos=112&_sid=3c27b64f4&_ss=r,Puhi,$249.99"
"316a6d48-1b2a-4f94-89b7-da23527aab43,https://shadesofcharleston.com/products/huelo?_pos=113&_sid=3c27b64f4&_ss=r,Huelo,$229.99"
"d249cb97-e4e6-4caf-9dcf-5e2877c06289,https://shadesofcharleston.com/products/huelo-reader?_pos=114&_sid=3c27b64f4&_ss=r,Huelo Reader,$269.99"
"3018e8bd-e11a-4219-bdfe-ca9de5a82770,https://shadesofcharleston.com/products/makaha-reader?_pos=115&_sid=3c27b64f4&_ss=r,Makaha Reader,$239.99"
"20ce5459-c17b-4b90-a16f-4dacc3067908,https://shadesofcharleston.com/products/hookipa-reader?_pos=116&_sid=3c27b64f4&_ss=r,Ho'okipa Reader,$239.99"
"a7d8152b-0a8e-402e-9af9-56721326dcac,https://shadesofcharleston.com/products/wailua?_pos=117&_sid=3c27b64f4&_ss=r,Wailua,$229.99"
"612dc6d3-f388-47de-be71-5ce63d68cc8d,https://shadesofcharleston.com/products/anuenue?_pos=118&_sid=3c27b64f4&_ss=r,Anuenue,$229.99"
"e483cae2-b636-4ccb-b3ce-0226cd98d4c6,https://shadesofcharleston.com/products/sandy-beach?_pos=119&_sid=3c27b64f4&_ss=r,Sandy Beach,$199.99"
"c94fdab7-9026-4b39-ab7f-df5147646aa4,https://shadesofcharleston.com/products/makaha?_pos=120&_sid=3c27b64f4&_ss=r,Makaha,$199.99"
"e3a725b8-b98c-41df-906e-46d05e80cc8b,https://shadesofcharleston.com/products/kaupo-gap?_pos=122&_sid=3c27b64f4&_ss=r,Kaupo Gap,$229.99"
"74f3ca94-8807-42b4-bc6f-f3211a779af2,https://shadesofcharleston.com/products/longitude?_pos=123&_sid=3c27b64f4&_ss=r,Longitude,$249.99"
"26493679-11a9-4c70-9f6c-ce43de7d4539,https://shadesofcharleston.com/products/noni?_pos=124&_sid=3c27b64f4&_ss=r,Noni,$379.99"
"8a6b90ed-dea1-4334-93dc-ded8d56bedad,https://shadesofcharleston.com/products/perico?_pos=125&_sid=3c27b64f4&_ss=r,Perico,$399.99"
"32c7e990-743b-432a-ae87-58c985fe3a62,https://shadesofcharleston.com/products/kaala?_pos=126&_sid=3c27b64f4&_ss=r,Ka'ala,$329.99"
"b2cf26d3-5e49-445f-bc10-e761f5644887,https://shadesofcharleston.com/products/copy-of-cruzem?_pos=127&_sid=3c27b64f4&_ss=r,Cruzem,$249.99"
"c6b9e8ab-8fc9-4dbc-a807-0f44ee078a85,https://shadesofcharleston.com/products/nanea?_pos=128&_sid=3c27b64f4&_ss=r,Nanea,$299.99"
"1cc1ec58-e2ba-4952-9aeb-172f5fd7c8ed,https://shadesofcharleston.com/products/ekolu?_pos=129&_sid=3c27b64f4&_ss=r,'Ekolu,$329.99"
"e3a45fd0-10f2-43ba-bcf2-a807882c620c,https://shadesofcharleston.com/products/kiawe?_pos=130&_sid=3c27b64f4&_ss=r,Kiawe,$249.99"
"ea737b5a-ed7c-471b-9fe3-1aa888051a3a,https://shadesofcharleston.com/products/hukilau?_pos=131&_sid=3c27b64f4&_ss=r,Hukilau,$299.99"
"d7ee0947-feed-4fe9-90b5-9e5b368526ce,https://shadesofcharleston.com/products/adrift?_pos=132&_sid=3c27b64f4&_ss=r,Adrift,$479.99"
"cd2dea5c-eb01-48ea-bdac-185c9b63330b,https://shadesofcharleston.com/products/waterfront?_pos=133&_sid=3c27b64f4&_ss=r,Waterfront,$299.99"
"a85853f5-c11d-4645-afed-8ecc04b96294,https://shadesofcharleston.com/products/seacliff?_pos=134&_sid=3c27b64f4&_ss=r,Seacliff,$329.99"
"87ffe387-3fbb-45c3-8e2d-315f6636391d,https://shadesofcharleston.com/products/fair-winds?_pos=135&_sid=3c27b64f4&_ss=r,Fair Winds,$429"
"11abed2f-3c38-4754-a037-4d57372ab9ba,https://shadesofcharleston.com/products/following-seas?_pos=136&_sid=3c27b64f4&_ss=r,Following Seas,$429"
"4a9631ce-0017-4336-a918-3df65d38bf5e,https://shadesofcharleston.com/products/waipio-valley?_pos=137&_sid=3c27b64f4&_ss=r,Waipio Valley,$349.99"
"e83ba7b2-e237-4b8d-80a4-3f7a5d56fffd,https://shadesofcharleston.com/products/puka?_pos=138&_sid=3c27b64f4&_ss=r,Puka,$399.99"
"bebe22dc-0ee7-43b2-b86d-6a4e108dd138,https://shadesofcharleston.com/products/velzyland?_pos=139&_sid=3c27b64f4&_ss=r,Velzyland,$349.99"
"de005520-c7a2-41f6-a579-7557e6b1674a,https://shadesofcharleston.com/products/catherdrals?_pos=140&_sid=3c27b64f4&_ss=r,Cathedrals,$249.99"
"a7f4599c-d557-4029-a58b-a41e52db3843,https://shadesofcharleston.com/products/tumbleland?_pos=142&_sid=3c27b64f4&_ss=r,Tumbleland,$249.99"
"47ec10f3-0da6-4e3d-badd-0c5f719a7818,https://shadesofcharleston.com/products/north-star?_pos=143&_sid=3c27b64f4&_ss=r,North Star,$399.99"
"a60994ce-e0b6-4a9f-8b9c-37813f4e409b,https://www.sunglassworld.net/product/maui-jim-spinnaker/,Maui Jim Spinnaker,$329.99"
"b794432f-b23b-4c21-ad84-3e853ac77585,https://www.sunglassworld.net/product/maui-jim-keokea/,Maui Jim Keokea,$229.99"
"602abba5-7496-49a5-be65-b31aae1339cf,https://www.sunglassworld.net/product/maui-jim-huelo/,Maui Jim Huelo,$229.99"
"54facec9-8f00-45d2-8d9f-3316c845e257,https://www.sunglassworld.net/product/maui-jim-hukilau/,Maui Jim Hukilau – MANCHESTER UNITED Club Collection,$329.99"
"9810f7be-bfbe-48da-a0f0-9291f0a4bd2d,https://www.sunglassworld.net/product/maui-jim-fair-winds-manchester-united-club-collection/,Maui Jim Fair Winds – MANCHESTER UNITED Club Collection,$449.99"
"29effc73-4c9b-4dcc-8192-24fe4180f3d0,https://www.sunglassworld.net/product/maui-jim-fair-winds/,Maui Jim Fair Winds,$429.00"
"042fe93c-38c9-4a33-9c79-7de1ffbc5a8d,https://www.sunglassworld.net/product/maui-jim-anuenue/,Maui Jim Anuenue,$229.99"
"e8e2db2c-967a-4d60-a9b8-d0784ebfacf9,https://www.sunglassworld.net/product/maui-jim-cheetah-5/,Maui Jim CHEETAH 5,$279.99"
"7adc9faf-d8dc-450c-b5a6-6a12ce6539b3,https://www.sunglassworld.net/product/maui-jim-equator/,Maui Jim EQUATOR,$249.99"
"6de58a67-26db-4775-80c2-940988e2878a,https://www.sunglassworld.net/product/maui-jim-relaxation-mode/,Maui Jim RELAXATION MODE,$349.99"
"6f25c1fa-6877-4e86-b0c0-dc5f094df282,https://www.sunglassworld.net/product/maui-jim-kaiwi-channel/,Maui Jim KAIWI CHANNEL,$249.99"
"0b4c27d9-093c-4657-8655-ec86f3627206,https://www.sunglassworld.net/product/maui-jim-alenuihaha/,Maui Jim ALENUIHAHA,$249.99"
"d48bb133-2c74-49db-9146-fb1d75baae68,https://www.sunglassworld.net/product/maui-jim-mariposa/,Maui Jim MARIPOSA,$399.99"
"cdf5d571-8d1b-4165-87a7-6b92a6b0aa64,https://www.sunglassworld.net/product/maui-jim-adrift/,Maui Jim ADRIFT,$479.99"
"d49989f3-75a7-4969-a632-1c94a0ac8ba1,https://www.sunglassworld.net/product/maui-jim-ohai/,Maui Jim OHAI,$299.99"
"8553bdf6-2911-49bf-a7cc-42de3ee2f222,https://www.sunglassworld.net/product/maui-jim-perico/,Maui Jim Perico,$399.99"
"a36e08f1-e459-4ec1-b552-45cc09d96651,https://www.sunglassworld.net/product/maui-jim-aki-aki/,Maui Jim AKI AKI,$299.99"
"bc0acd8d-9cd6-446f-8112-28759048e13f,https://www.sunglassworld.net/product/maui-jim-kaala/,Maui Jim KA’ALA,$329.99"
"7f82c98d-f602-4794-b7ff-dc1089f53908,https://www.sunglassworld.net/product/maui-jim-kini-kini/,Maui Jim Kini Kini,$329.99"
"14e6ec18-c961-43b6-8181-9a99aea37f17,https://www.sunglassworld.net/product/maui-jim-pokowai-arch-manchester-united/,Maui Jim Pokowai Arch – Manchester United,$249.99"
"1a07b14e-3d6f-4532-a55a-c7cb92fa798c,https://www.sunglassworld.net/product/maui-jim-koki-beach-asian-fit-manchester-united/,Maui Jim Koki Beach Asian Fit-Manchester United,$249.99"
"b66304ee-a185-4e3c-b0be-a736efdd0570,https://www.sunglassworld.net/product/maui-jim-koki-beach/,Maui Jim Koki Beach,$229.99"
"868f1d2e-5e19-459a-8a2b-e1f25097a1c0,https://www.sunglassworld.net/product/maui-jim-mavericks-copy/,Maui Jim Cliff House,$299.99"
"fe58c9a5-3f2e-4994-9e6f-31e6a4ef6cd5,https://www.sunglassworld.net/product/maui-jim-red-sands-asian-fit/,Maui Jim RED SANDS ASIAN FIT,$249.99"
"f8467f2e-2376-46ca-8fae-14be4cba3e0e,https://www.sunglassworld.net/product/maui-jim-little-bell/,Maui Jim Little Bell,$329.99"
"2b9dcfc4-2111-45f2-a51c-ff19bb8da8ae,https://www.sunglassworld.net/product/maui-jim-wana/,Maui Jim Wana,$329.99"
"1016ab0a-6634-409b-a826-c8e7660e420d,https://www.sunglassworld.net/product/maui-jim-puakenikeni/,Maui Jim Puakenikeni,$349.00"
"abe69e8b-7712-4391-9d6a-ac9d9c97f04b,https://www.sunglassworld.net/product/maui-jim-shore-break/,Maui Jim Shore Break,$249.00"
"3033fca4-738c-43dc-bff6-4d65b2eef80c,https://www.sunglassworld.net/product/maui-jim-cruzem/,Maui Jim Cruzem,$249.99"
"ea3801a6-ff92-4ee5-bb7d-08f27e814d90,https://www.sunglassworld.net/product/maui-jim-nanea/,Maui Jim Nanea,$299.99"
"113d0f52-6958-43b7-a642-8e0ce59d34f4,https://www.sunglassworld.net/product/maui-jim-barrier-reef-copy/,Maui Jim The Bird,$349.00"
"73dfffd8-9596-4ba7-902f-9f09f4421f8e,https://www.sunglassworld.net/product/maui-jim-shoal/,Maui Jim Shoal,$349.99"
"ddcda073-3a65-4a2f-bdec-b1d783ad5539,https://www.sunglassworld.net/product/maui-jim-onshore/,Maui Jim Onshore,$249.00"
"b8f38c78-08f5-48f9-9db9-5bac7c508b14,https://www.sunglassworld.net/product/maui-jim-kami/,Maui Jim Kami,$329.99"
"3bc3e81b-1424-4599-8c78-701f7cc1c807,https://www.sunglassworld.net/product/maui-jim-starfish/,Maui Jim Starfish,$249.99"
"e343bb3a-9e3d-444e-9965-cf656389354a,https://www.sunglassworld.net/product/maui-jim-kaupo-gap/,Maui Jim Kaupo Gap,$229.00"
"e2ad816f-984d-4506-acbe-363ffdbd7539,https://www.sunglassworld.net/product/maui-jim-red-sands/,Maui Jim Red Sands,$229.99"
"4284d9d7-e893-41fd-abd7-89a0f8eeccce,https://www.sunglassworld.net/product/maui-jim-peahi/,Maui Jim Peahi,$249.99"
"a6658723-f890-42cf-954a-e546a8f3a335,https://www.sunglassworld.net/product/maui-jim-ocean/,Maui Jim Ocean,$249.99"
"be9968af-20be-4ce3-9ebb-b5ce72ad096f,https://www.sunglassworld.net/product/maui-jim-mavericks/,Maui Jim Mavericks,$299.99"
"caafb071-8bac-4eed-9ae2-f8198858b162,https://www.sunglassworld.net/product/maui-jim-makaha/,Maui Jim Makaha,$199.99"
"0a0149be-23bd-42b3-b64d-c0b514a8256d,https://www.sunglassworld.net/product/maui-jim-local-kine/,Maui Jim Local Kine,$249.99"
"714d2592-4c3d-4e06-8165-b71334d74f6f,https://www.sunglassworld.net/product/maui-jim-lighthouse/,Maui Jim Lighthouse,$169.99"
"9ec5b5d3-3100-4a7f-9559-6c6bb7a3e285,https://www.sunglassworld.net/product/maui-jim-kawika/,Maui Jim Kawika,$299.99"
"1d8f12e8-777e-4fb2-b645-55358f34bf2b,https://www.sunglassworld.net/product/maui-jim-kanaio-coast/,Maui Jim Kanaio Coast,$249.99"
"2c8993ea-0e6a-4869-bef7-5ff35fd3bbd9,https://www.sunglassworld.net/product/maui-jim-hookipa/,Maui Jim Ho’okipa,$199.99"
"18115536-59be-4793-87bc-f78a266644d1,https://www.sunglassworld.net/product/maui-jim-dragons-teeth/,Maui Jim Dragon’s Teeth,$249.99"
"40866bcb-4c25-4b36-8add-a4eac7ae70a0,https://www.sunglassworld.net/product/maui-jim-breakwall/,Maui Jim Breakwall,$169.99"
"fbefc30c-0d51-451f-9d82-ec95023d2e4b,https://www.sunglassworld.net/product/maui-jim-beaches/,Maui Jim Beaches,$349.99"
"fa68a790-cb57-441b-a824-b2739798c915,https://www.sunglassworld.net/product/maui-jim-banyans/,Maui Jim Banyans,$219.99"
"dc608293-1204-4903-8cde-1d7f29fd747a,https://www.sunglassworld.net/product/maui-jim-baby-beach/,Maui Jim Baby Beach,$299.99"
"cd6d8959-065a-48af-b8a4-fb3e5879f412,https://www.sunglassworld.net/product/maui-jim-olu-olu/,Maui Jim ‘Olu ‘Olu,$249.99"
"ab2d7494-1fa4-45d4-9afe-427c9a768e1e,https://www.sunglassworld.net/product/maui-jim-hema/,Maui Jim Hema,$189.00"
"2551ca08-6d28-43da-b283-a827f3fc2aec,https://www.sunglassworld.net/product/maui-jim-keokea/,Maui Jim Keokea,$229.99"
"93e4a4dd-e997-47a6-880f-d9d4929e4bf3,https://www.sunglassworld.net/product/maui-jim-huelo/,Maui Jim Huelo,$229.99"
"39a0b074-7d9b-4ec8-84d1-66cb18c63f57,https://www.sunglassworld.net/product/maui-jim-hukilau/,Maui Jim Hukilau – MANCHESTER UNITED Club Collection,$329.99"
"abce9623-76f9-4900-bf5c-2630b5c85634,https://www.sunglassworld.net/product/maui-jim-fair-winds-manchester-united-club-collection/,Maui Jim Fair Winds – MANCHESTER UNITED Club Collection,$449.99"
"b1a6bafc-a53c-4688-ada7-c27369b0cde1,https://www.sunglassworld.net/product/maui-jim-fair-winds/,Maui Jim Fair Winds,$429.00"
"d3b50bbb-d675-4320-bf34-ff07a84589bc,https://www.sunglassworld.net/product/maui-jim-anuenue/,Maui Jim Anuenue,$229.99"
"05402782-fc92-4131-b3d3-9c812a325957,https://www.sunglassworld.net/product/maui-jim-cheetah-5/,Maui Jim CHEETAH 5,$279.99"
"8dbdaffd-19ac-4aee-8c7c-d858cce7146e,https://www.sunglassworld.net/product/maui-jim-equator/,Maui Jim EQUATOR,$249.99"
"3150f007-9e10-440b-ac22-68de2aadca4a,https://www.sunglassworld.net/product/maui-jim-relaxation-mode/,Maui Jim RELAXATION MODE,$349.99"
"3ffec76e-b25f-4a47-bc3a-36fcf6fb884d,https://www.sunglassworld.net/product/maui-jim-kaiwi-channel/,Maui Jim KAIWI CHANNEL,$249.99"
"87c4c5f8-e15b-40b5-a456-3cf062358c9d,https://www.sunglassworld.net/product/maui-jim-alenuihaha/,Maui Jim ALENUIHAHA,$249.99"
"00b7c344-4cb8-475e-8672-9695eea83c1c,https://www.sunglassworld.net/product/maui-jim-mariposa/,Maui Jim MARIPOSA,$399.99"
"ac291606-3d22-4822-9a6e-bf4adecb4a5a,https://www.sunglassworld.net/product/maui-jim-adrift/,Maui Jim ADRIFT,$479.99"
"dc3706f0-1804-4526-b695-63d070bf7705,https://www.sunglassworld.net/product/maui-jim-ohai/,Maui Jim OHAI,$299.99"
"2287bee9-64b3-4330-8997-f5c59b1d0f84,https://www.sunglassworld.net/product/maui-jim-perico/,Maui Jim Perico,$399.99"
"8e9ba848-d186-473b-9515-7b863d17bfeb,https://www.sunglassworld.net/product/maui-jim-aki-aki/,Maui Jim AKI AKI,$299.99"
"39c940c1-0e24-4210-925b-f56982024b12,https://www.sunglassworld.net/product/maui-jim-kaala/,Maui Jim KA’ALA,$329.99"
"6bb40aed-2a6d-47fb-9f86-ff03db571f40,https://www.sunglassworld.net/product/maui-jim-kini-kini/,Maui Jim Kini Kini,$329.99"
"deb67a3a-734c-45a2-b4c0-647c07750e32,https://www.sunglassworld.net/product/maui-jim-pokowai-arch-manchester-united/,Maui Jim Pokowai Arch – Manchester United,$249.99"
"071a6556-3027-4a83-a4ef-c55327c4ecbc,https://www.sunglassworld.net/product/maui-jim-koki-beach-asian-fit-manchester-united/,Maui Jim Koki Beach Asian Fit-Manchester United,$249.99"
"550a5cda-dcc8-44ce-b79f-57b1d315bb61,https://www.sunglassworld.net/product/maui-jim-koki-beach/,Maui Jim Koki Beach,$229.99"
"02fc4c3d-f15c-4d61-9a68-d8a8779423a2,https://www.sunglassworld.net/product/maui-jim-mavericks-copy/,Maui Jim Cliff House,$299.99"
"389b4a35-83b5-4664-87c9-c00923ed8d1a,https://www.sunglassworld.net/product/maui-jim-red-sands-asian-fit/,Maui Jim RED SANDS ASIAN FIT,$249.99"
"0131d943-1e99-4710-b3d0-e492a54625ae,https://www.sunglassworld.net/product/maui-jim-little-bell/,Maui Jim Little Bell,$329.99"
"0c168cea-2678-437e-9917-07c10dc01b80,https://www.sunglassworld.net/product/maui-jim-wana/,Maui Jim Wana,$329.99"
"4f7c9fe7-1787-400d-b3f4-0aa9e4bdeb2e,https://www.sunglassworld.net/product/maui-jim-puakenikeni/,Maui Jim Puakenikeni,$349.00"
"881d1712-eb2c-4aed-bec7-65218dad8187,https://www.sunglassworld.net/product/maui-jim-shore-break/,Maui Jim Shore Break,$249.00"
"1c37c118-4bf9-40bf-8cff-d95b1c2896c7,https://www.sunglassworld.net/product/maui-jim-cruzem/,Maui Jim Cruzem,$249.99"
"dcff2230-b7bb-4052-992f-f3652219e534,https://www.sunglassworld.net/product/maui-jim-nanea/,Maui Jim Nanea,$299.99"
"c8aca7af-6d3c-460b-b6d9-2e2def602bc0,https://www.sunglassworld.net/product/maui-jim-barrier-reef-copy/,Maui Jim The Bird,$349.00"
"171ee404-833b-4cb0-9b4a-3a33de2bd7dc,https://www.sunglassworld.net/product/maui-jim-shoal/,Maui Jim Shoal,$349.99"
"c4ddcee1-8b61-4a53-8f18-1d0efdb36cac,https://www.sunglassworld.net/product/maui-jim-onshore/,Maui Jim Onshore,$249.00"
"a1ed9bed-7b69-47bb-8cb2-c668d29697db,https://www.sunglassworld.net/product/maui-jim-kami/,Maui Jim Kami,$329.99"
"9346e4ac-48e8-48d8-a1e8-d37059b75832,https://www.sunglassworld.net/product/maui-jim-starfish/,Maui Jim Starfish,$249.99"
"6b36f6da-535d-4ecb-b88f-4ff0f93ca51f,https://www.sunglassworld.net/product/maui-jim-kaupo-gap/,Maui Jim Kaupo Gap,$229.00"
"300b131c-4b63-4d5d-8d6c-891900becd54,https://www.sunglassworld.net/product/maui-jim-red-sands/,Maui Jim Red Sands,$229.99"
"aa6fb634-38ef-4437-9a23-f2eeeb5ef4a5,https://www.sunglassworld.net/product/maui-jim-peahi/,Maui Jim Peahi,$249.99"
"16cf1fbc-f898-4771-98a6-01e5d93fc1ad,https://www.sunglassworld.net/product/maui-jim-ocean/,Maui Jim Ocean,$249.99"
"fad3b941-7960-4a24-a3b9-d9fb7df2c955,https://www.sunglassworld.net/product/maui-jim-mavericks/,Maui Jim Mavericks,$299.99"
"752afa20-51a8-4293-b4a5-fa72b6d08386,https://www.sunglassworld.net/product/maui-jim-makaha/,Maui Jim Makaha,$199.99"
"d15771a2-aa70-43c2-860f-6a778c21ee1b,https://www.sunglassworld.net/product/maui-jim-local-kine/,Maui Jim Local Kine,$249.99"
"ca50abcd-4a92-40df-be06-0bb422ae4ea9,https://www.sunglassworld.net/product/maui-jim-lighthouse/,Maui Jim Lighthouse,$169.99"
"ab126eda-54e4-4bfe-9591-0fac0dd229d2,https://www.sunglassworld.net/product/maui-jim-kawika/,Maui Jim Kawika,$299.99"
"49ca468a-0a34-4dcc-8aad-64ef69817f22,https://www.sunglassworld.net/product/maui-jim-kanaio-coast/,Maui Jim Kanaio Coast,$249.99"
"3ca92838-7ef7-4eb3-ac77-ba539f099f1c,https://www.sunglassworld.net/product/maui-jim-hookipa/,Maui Jim Ho’okipa,$199.99"
"75f5d4a4-ca98-4e5f-8dc0-da4ff4f377a7,https://www.sunglassworld.net/product/maui-jim-dragons-teeth/,Maui Jim Dragon’s Teeth,$249.99"
"9c2913da-eb63-4805-ada8-ac888be1ea2d,https://www.sunglassworld.net/product/maui-jim-breakwall/,Maui Jim Breakwall,$169.99"
"fdf77121-ba36-4735-bf0b-c6a9f35ea52d,https://www.sunglassworld.net/product/maui-jim-beaches/,Maui Jim Beaches,$349.99"
"33cf6486-de21-403c-a3ad-2d2abdaee0c9,https://www.sunglassworld.net/product/maui-jim-banyans/,Maui Jim Banyans,$219.99"
"168ebf5a-84b6-4023-a7e2-6df48f98d4e3,https://www.sunglassworld.net/product/maui-jim-baby-beach/,Maui Jim Baby Beach,$299.99"
"0650274a-8da1-4d05-be1c-80a163c53e51,https://www.sunglassworld.net/product/maui-jim-olu-olu/,Maui Jim ‘Olu ‘Olu,$249.99"
"e34112af-f4f9-4325-a13f-fc950751fdec,https://www.sunglassworld.net/product/maui-jim-hema/,Maui Jim Hema,$189.00"
"f4741ae4-7b9a-49a8-99f1-fad9e0f9f6f1,https://www.sunglassworld.net/product/maui-jim-keokea/,Maui Jim Keokea,$229.99"
"442908d1-9678-4c62-9bf7-c58f557b9100,https://www.sunglassworld.net/product/maui-jim-huelo/,Maui Jim Huelo,$229.99"
"eee41a30-0113-441f-9069-0412e732e115,https://www.sunglassworld.net/product/maui-jim-keokea/,Maui Jim Keokea,$229.99"
"ec50e49f-4ac0-4be0-a0ad-7767552ec78c,https://www.sunglassworld.net/product/maui-jim-huelo/,Maui Jim Huelo,$229.99"
"d2bc6e3d-c80e-4b5d-93e8-558ba6a08293,https://www.sunglassworld.net/product/maui-jim-hukilau/,Maui Jim Hukilau – MANCHESTER UNITED Club Collection,$329.99"
"464e7e47-2c2c-4e76-909e-111a1820bd31,https://www.sunglassworld.net/product/maui-jim-fair-winds-manchester-united-club-collection/,Maui Jim Fair Winds – MANCHESTER UNITED Club Collection,$449.99"
"3d46d293-0c97-4953-b06e-d8d68d4ab3c7,https://www.sunglassworld.net/product/maui-jim-fair-winds/,Maui Jim Fair Winds,$429.00"
"b1d861b2-3b92-4fe7-b2c6-1f76dd409fde,https://www.sunglassworld.net/product/maui-jim-anuenue/,Maui Jim Anuenue,$229.99"
"c4d8b4d4-56bb-443f-b0a1-6df4f72d5ef8,https://www.sunglassworld.net/product/maui-jim-cheetah-5/,Maui Jim CHEETAH 5,$279.99"
"5fd0c582-0920-423f-9eb8-ffb61f1149e9,https://www.sunglassworld.net/product/maui-jim-equator/,Maui Jim EQUATOR,$249.99"
"fe61f470-1d46-4e8d-8e0a-e906a216af4a,https://www.sunglassworld.net/product/maui-jim-relaxation-mode/,Maui Jim RELAXATION MODE,$349.99"
"f05bbe9f-efb9-4aaf-a8d0-983e12b7a35e,https://www.sunglassworld.net/product/maui-jim-kaiwi-channel/,Maui Jim KAIWI CHANNEL,$249.99"
"05b7c79e-ae5f-4e18-a8e8-64ed70150997,https://www.sunglassworld.net/product/maui-jim-alenuihaha/,Maui Jim ALENUIHAHA,$249.99"
"e385235f-7704-4f99-bc35-2ef3c6cb3cf5,https://www.sunglassworld.net/product/maui-jim-mariposa/,Maui Jim MARIPOSA,$399.99"
"6c31a14c-4e5c-4ff2-84fc-322a46ece2ae,https://www.sunglassworld.net/product/maui-jim-adrift/,Maui Jim ADRIFT,$479.99"
"3aceb6b4-d793-4828-b851-b186f669e71d,https://www.sunglassworld.net/product/maui-jim-ohai/,Maui Jim OHAI,$299.99"
"5aed9adb-86dd-4675-924c-d9bb945f6b5b,https://www.sunglassworld.net/product/maui-jim-perico/,Maui Jim Perico,$399.99"
"0647c92a-690e-40fc-9447-d1f65bd6ae8e,https://www.sunglassworld.net/product/maui-jim-aki-aki/,Maui Jim AKI AKI,$299.99"
"35693a01-d6b2-4085-82aa-90cad3cfb6e4,https://www.sunglassworld.net/product/maui-jim-kaala/,Maui Jim KA’ALA,$329.99"
"892fa4e2-2a2c-47c4-a352-66da7a12ca6f,https://www.sunglassworld.net/product/maui-jim-kini-kini/,Maui Jim Kini Kini,$329.99"
"20c7edd5-0be7-4021-a470-35daf2a19e7e,https://www.sunglassworld.net/product/maui-jim-pokowai-arch-manchester-united/,Maui Jim Pokowai Arch – Manchester United,$249.99"
"d68b4fc6-bc62-49d6-9bc9-c1c544ed4cbf,https://www.sunglassworld.net/product/maui-jim-koki-beach-asian-fit-manchester-united/,Maui Jim Koki Beach Asian Fit-Manchester United,$249.99"
"a2c58513-a17b-41d5-a1c4-f3059da6523e,https://www.sunglassworld.net/product/maui-jim-koki-beach/,Maui Jim Koki Beach,$229.99"
"8cc4ba5d-f125-42dd-a857-af71fe2a887e,https://www.sunglassworld.net/product/maui-jim-mavericks-copy/,Maui Jim Cliff House,$299.99"
"8a8902cc-652f-4a0d-b702-a829b903dc32,https://www.sunglassworld.net/product/maui-jim-red-sands-asian-fit/,Maui Jim RED SANDS ASIAN FIT,$249.99"
"60e47cff-bc6c-4a7b-88a4-62a1055c6e90,https://www.sunglassworld.net/product/maui-jim-little-bell/,Maui Jim Little Bell,$329.99"
"9222938f-a93b-4632-9421-f3876d5ab831,https://www.sunglassworld.net/product/maui-jim-wana/,Maui Jim Wana,$329.99"
"81f36e84-2c8b-456c-a3f4-a9fa80ac01e9,https://www.sunglassworld.net/product/maui-jim-puakenikeni/,Maui Jim Puakenikeni,$349.00"
"189c7df5-2e03-4b80-a8f3-d1c5ae83b31a,https://www.sunglassworld.net/product/maui-jim-shore-break/,Maui Jim Shore Break,$249.00"
"f1a5022c-6387-41d3-941c-e83bd1222062,https://www.sunglassworld.net/product/maui-jim-cruzem/,Maui Jim Cruzem,$249.99"
"1a9d17b1-f635-44d7-a8be-5985a84e40ba,https://www.sunglassworld.net/product/maui-jim-nanea/,Maui Jim Nanea,$299.99"
"2d920a9b-d49e-4192-a948-ee000de64eac,https://www.sunglassworld.net/product/maui-jim-barrier-reef-copy/,Maui Jim The Bird,$349.00"
"98ac4e25-8ced-4cee-9f1d-ffeeea1f4232,https://www.sunglassworld.net/product/maui-jim-shoal/,Maui Jim Shoal,$349.99"
"b4171208-26cd-4d6e-a573-3e2ed8251f8a,https://www.sunglassworld.net/product/maui-jim-onshore/,Maui Jim Onshore,$249.00"
"8362cdea-9e34-4ca9-b512-fa3ecce74f39,https://www.sunglassworld.net/product/maui-jim-kami/,Maui Jim Kami,$329.99"
"210f290d-f912-422c-affd-a1670be32d23,https://www.sunglassworld.net/product/maui-jim-starfish/,Maui Jim Starfish,$249.99"
"95aa79bd-c71d-4a85-a2c3-75e4b979d426,https://www.sunglassworld.net/product/maui-jim-kaupo-gap/,Maui Jim Kaupo Gap,$229.00"
"76ca0a0f-c802-45a3-bd88-19048dcb0ce6,https://www.sunglassworld.net/product/maui-jim-red-sands/,Maui Jim Red Sands,$229.99"
"a4e7ac12-73bb-42c8-b906-521678ace453,https://www.sunglassworld.net/product/maui-jim-peahi/,Maui Jim Peahi,$249.99"
"0f7d92ca-c3ad-4977-9c07-7601573d2c02,https://www.sunglassworld.net/product/maui-jim-ocean/,Maui Jim Ocean,$249.99"
"cff0cece-fc9a-448d-9105-d519853f22fe,https://www.sunglassworld.net/product/maui-jim-mavericks/,Maui Jim Mavericks,$299.99"
"6a0175d6-7013-42c5-837b-c710a2e161f1,https://www.sunglassworld.net/product/maui-jim-makaha/,Maui Jim Makaha,$199.99"
"23672207-baf1-47d6-a1ce-956000b084c3,https://www.sunglassworld.net/product/maui-jim-local-kine/,Maui Jim Local Kine,$249.99"
"03a55eb9-10fd-49fe-9b85-6947a1362b90,https://www.sunglassworld.net/product/maui-jim-lighthouse/,Maui Jim Lighthouse,$169.99"
"2d4783d9-9830-45cf-9a7e-31fd17e9bfda,https://www.sunglassworld.net/product/maui-jim-kawika/,Maui Jim Kawika,$299.99"
"1cb3b4f8-541d-4b27-b41d-01a560573bf8,https://www.sunglassworld.net/product/maui-jim-kanaio-coast/,Maui Jim Kanaio Coast,$249.99"
"4a2aeef4-6bd8-4b77-8c37-9c21f6c11d77,https://www.sunglassworld.net/product/maui-jim-hookipa/,Maui Jim Ho’okipa,$199.99"
"5b485c33-d6cd-417f-a3eb-9241145623a4,https://www.sunglassworld.net/product/maui-jim-dragons-teeth/,Maui Jim Dragon’s Teeth,$249.99"
"7c0c3080-2036-4a1c-bab7-70cc668a45ba,https://www.sunglassworld.net/product/maui-jim-breakwall/,Maui Jim Breakwall,$169.99"
"3c3594bb-07cd-458e-b9ee-bf4b390c0d14,https://www.sunglassworld.net/product/maui-jim-beaches/,Maui Jim Beaches,$349.99"
"60f15b17-9652-4f69-b05d-93401de56f34,https://www.sunglassworld.net/product/maui-jim-banyans/,Maui Jim Banyans,$219.99"
"52a68035-2b45-48a8-aa64-9aca7ecca35e,https://www.sunglassworld.net/product/maui-jim-baby-beach/,Maui Jim Baby Beach,$299.99"
"1a9407d4-989c-4f85-aff3-eb60f94594f0,https://www.sunglassworld.net/product/maui-jim-olu-olu/,Maui Jim ‘Olu ‘Olu,$249.99"
"207b874f-69d2-43a3-a28e-ed63d162932c,https://www.sunglassworld.net/product/maui-jim-hema/,Maui Jim Hema,$189.00"
"a094721e-1dea-47y3-9ea2-f50bac09ff04,https://www.sunglasshut.com/en/maui-jim/mj000321-603429015848,PEAHI,$249.99"
